wait_us,avg_latency_ns,p50_ns,p95_ns,p99_ns,avg_walltime_s,avg_IOs,data_IO_time,hit_ratio
1,799938.890998,636738.000000,2165111.000000,6239375.000000,8.253809,229303,6848831189,0.778894
10,2030338.324549,707420.000000,8690454.000000,11711193.000000,19.461009,229250,17437167994,0.778945
