epsilon,avg_query_time_ns,avg_cache_hit_ratio,avg_index_cache_hit_ratio
2,30640,0.53842,-nan
4,23030,0.663655,-nan
8,19771,0.725934,-nan
10,19074,0.738337,-nan
12,19124,0.746105,-nan
14,18765,0.752328,-nan
16,18851,0.756202,-nan
18,18807,0.759752,-nan
20,18766,0.762676,-nan
24,18983,0.7666,-nan
28,19210,0.769115,-nan
32,19621,0.770991,-nan
40,20232,0.774521,-nan
48,21144,0.776591,-nan
56,22106,0.777564,-nan
64,22662,0.778502,-nan
