epsilon,avg_latency_ns,total_wall_time_s,IOs,IO_time_s,mem_time_s,IO_fraction,mem_fraction,cache_hit_ratio
16,3846.096626,3.846378,312750,5.162046,-1.315668,1.342054,-0.342054,0.698430
16,3613.504783,3.613874,312672,4.847427,-1.233553,1.341338,-0.341338,0.698506
16,3192.941059,3.193163,312612,4.540522,-1.347358,1.421951,-0.421951,0.698563
