epsilon,avg_latency_ns,total_wall_time_s,IOs,IO_time_s,mem_time_s,IO_fraction,mem_fraction,cache_hit_ratio
1024,8656.392704,6.059952,990526,3.468946,2.591006,0.572438,0.427562,0.686769
4096,17862.287859,12.503841,3329450,8.290597,4.213244,0.663044,0.336956,0.682387
1024,7689.762563,5.383108,990280,3.478314,1.904794,0.646153,0.353847,0.686847
4096,17579.279784,12.305766,3327673,7.966042,4.339723,0.647342,0.352658,0.682556
1024,7052.680844,4.937060,990433,3.364163,1.572896,0.681410,0.318590,0.686798
4096,15918.920709,11.143556,3327847,7.815762,3.327794,0.701371,0.298629,0.682540
