threads,epsilon,avg_latency_ns,total_wall_time_s,avg_IOs,IO_time_s
1,16,427.704914,0.427705,19526,0.297772
1,16,477.248317,0.477248,19526,0.283049
1,16,430.886000,0.430886,19526,0.290513
1,16,479.659634,0.479660,19526,0.281476
1,16,504.892971,0.504893,19526,0.281252
1,16,486.961047,0.486961,19526,0.286443
1,16,487.017356,0.487017,19526,0.296104
1,16,494.775346,0.494775,19526,0.290509
1,16,497.286773,0.497287,19526,0.295964
1,16,484.384206,0.484384,19526,0.286364
