threads,epsilon,avg_latency_ns,avg_walltime_s,avg_IOs,data_IO_time
1,16,3423.066167,3.423066,390231,2011937410
1,16,3220.871015,3.220871,390231,1901513029
1,16,3123.078418,3.123078,390231,1894058102
1,16,3121.484074,3.121484,390231,1897982067
1,16,3104.713348,3.104713,390231,1872044953
