threads,epsilon,avg_latency_ns,total_wall_time_s,avg_IOs,IO_time_s
1,16,3717.450996,3.717451,390312,1.946669
1,16,3424.779237,3.424779,390312,1.900311
1,16,3298.601884,3.298602,390312,1.935972
1,16,3481.071939,3.481072,390312,1.961019
1,16,3418.713868,3.418714,390312,1.922843
1,16,3364.326842,3.364327,390312,1.918399
1,16,3365.553142,3.365553,390312,1.887290
1,16,3358.130294,3.358130,390312,1.898482
1,16,3358.554380,3.358554,390312,1.903861
1,16,3404.068355,3.404068,390312,1.890770
