threads,epsilon,avg_latency_ns,total_wall_time_s,avg_IOs,IO_time_s
1,16,3018.461228,3.018461,166701,2.391193
1,16,2771.191361,2.771191,166701,2.284153
1,16,3058.814468,3.058814,166701,2.417226
1,16,2734.943523,2.734944,166701,2.258449
1,16,2802.165010,2.802165,166701,2.334057
1,16,2793.024215,2.793024,166701,2.325261
1,16,2811.161437,2.811161,166701,2.272812
1,16,2775.715243,2.775715,166701,2.309672
1,16,2686.571058,2.686571,166701,2.181071
1,16,2850.336991,2.850337,166701,2.371663
