threads,epsilon,avg_latency_ns,total_wall_time_s,avg_IOs,IO_time_s
1,16,3552.974466,3.552974,390470,1.869131
1,16,3368.274998,3.368275,390470,1.871527
1,16,3318.598468,3.318598,390470,1.878254
1,16,3321.891967,3.321892,390470,1.888222
1,16,3601.148961,3.601149,390470,1.951773
1,16,3425.677885,3.425678,390470,1.889452
1,16,3444.587960,3.444588,390470,1.912978
1,16,3492.232006,3.492232,390470,1.874994
1,16,3470.541960,3.470542,390470,1.950341
1,16,3468.294121,3.468294,390470,1.943591
