epsilon,threads,avg_latency_ns,wall_s,hit_ratio,avg_IOs,data_io_ns
8,1,66703.539314,66.703539,0.007369,6476714,24490730596
12,1,64148.723794,64.148724,0.050280,6186402,21360602716
16,1,71526.984928,71.526985,0.071206,6056108,28190110050
20,1,64155.670629,64.155671,0.083891,5981737,21237042124
24,1,64022.455407,64.022455,0.092061,5934064,21108489848
32,1,71907.981503,71.907982,0.102489,5877962,28131648963
48,1,64300.309782,64.300310,0.113117,5835769,20918044210
64,1,64344.079153,64.344079,0.118190,5828882,20960004318
128,1,71471.095009,71.471095,0.126206,5874207,28162418348
