threads,avg_latency_ns,avg_walltime_s,avg_iops
1,103393.16,103.543041,9697.41
2,131831.67,93.258648,11149.68
4,181013.23,55.193767,18558.09
8,332264.32,60.985112,20553.71
16,505667.59,39.464467,25984.00
32,787262.82,36.672399,27330.69
64,1294088.36,37.515908,26658.88
128,2171854.84,33.330812,30002.47
256,3784420.62,30.332806,32995.69
512,7056606.20,28.376326,35249.35
1024,14951115.79,27.458416,36421.12
