threads,avg_latency_ns,avg_walltime_s,height,avg_IOs
2,373319.83,373.319827,0,10000
4,240691.19,240.691185,0,10000
8,165429.58,165.429584,0,10000
