threads,avg_latency_ns,avg_walltime_s,avg_iops
1,103650.75,103.792798,9739.75
2,133443.19,91.256883,10999.59
4,196999.01,65.526579,15461.20
8,345374.27,53.448826,18713.74
16,404900.69,35.852406,28153.49
32,738272.05,37.130416,27993.71
64,1224065.43,36.327501,27645.82
128,2033572.91,33.019999,30402.08
256,3753981.45,30.515505,32784.02
512,6943952.22,28.527855,35064.39
1024,14969342.27,27.712992,36086.24
