threads,avg_latency_ns,avg_walltime_s,avg_iops
1,102486.89,102.631892,9743.66
2,133158.60,86.750485,11577.22
4,203000.46,66.233156,15242.43
8,327793.92,50.404802,20211.31
16,476150.60,38.875104,26129.06
32,750120.14,36.514291,27465.95
64,1201841.07,36.194033,27946.47
128,1994041.34,30.566230,33114.13
256,4447925.27,34.244136,29586.17
512,6902697.29,24.996762,40041.79
1024,14925199.27,24.232312,41294.80
