threads,avg_latency_ns,avg_walltime_s,avg_iops
1,103137.12,103.277506,9875.03
2,126497.71,88.179265,11616.17
4,203800.73,65.181746,15555.93
8,334444.33,53.222656,18796.45
16,413029.17,35.785613,28108.32
32,741033.91,38.222541,26258.75
64,1324854.03,37.476968,26913.26
128,2054573.73,32.223496,31119.72
256,3803012.00,31.586994,31675.80
512,7226890.18,29.369951,34071.31
1024,15098867.24,28.303361,35337.99
